エピソード番号,シーズン,タイトル,原作/アニメオリジナル,ストーリー関連,おすすめ度,関連タグ,注記
1,1,ジェットコースター殺人事件,原作,5,4,黒ずくめの組織,
2,1,社長令嬢誘拐事件,原作,5,4,,
3,1,アイドル密室殺人事件,原作,4,4,,
4,1,大都会暗号マップ事件,原作,3,3,,
5,1,新幹線大爆破事件,原作,4,4,,
6,1,バレンタイン殺人事件,原作,1,1,,
7,1,月いちプレゼント脅迫事件,原作,4,3,,
8,1,美術館オーナー殺人事件,原作,1,2,,
9,1,天下一夜祭殺人事件,原作,1,1,,
10,1,プロサッカー選手脅迫事件,原作,2,3,,
11,1,ピアノソナタ『月光』殺人事件,原作,5,5,,
12,1,歩美ちゃん誘拐事件,原作,1,1,,
13,1,奇妙な人捜し殺人事件,原作,1,2,,
14,1,謎のメッセージ狙撃事件,アニメオリジナル,0,,,
15,1,消えた死体殺人事件,原作,1,2,,
16,1,骨董品コレクター殺人事件,原作,1,2,,
17,1,デパートジャック事件,アニメオリジナル,0,,,
18,1,6月の花嫁殺人事件,原作,2,4,,
19,1,エレベーター殺人事件,アニメオリジナル,0,,,
20,1,幽霊屋敷殺人事件,原作,2,2,,
21,1,TVドラマロケ殺人事件,アニメオリジナル,0,,,
22,1,豪華客船連続殺人事件（前編）,原作,3,4,,
23,1,豪華客船連続殺人事件（後編）,原作,3,4,,
24,1,謎の美女記憶喪失事件,アニメオリジナル,0,,,
25,1,偽りの身代金誘拐事件,アニメオリジナル,0,,,
26,1,愛犬ジョン殺人事件,アニメオリジナル,0,,,
27,1,小五郎の同窓会殺人事件（前編）,原作,3,5,毛利小五郎,
28,1,小五郎の同窓会殺人事件（後編）,原作,3,5,毛利小五郎,
29,1,コンピューター殺人事件,アニメオリジナル,0,,,
30,1,アリバイ証言殺人事件,アニメオリジナル,0,,,
31,1,テレビ局殺人事件,原作,1,1,,
32,1,コーヒーショップ殺人事件,原作,2,2,妃英理,妃英理初登場
33,1,探偵団サバイバル事件,アニメオリジナル,0,,,
34,1,山荘包帯男殺人事件（前編）,原作,3,4,,
35,1,山荘包帯男殺人事件（後編）,原作,3,4,,
36,1,月曜夜7時30分殺人事件,アニメオリジナル,0,,,
37,1,サボテンの花殺人事件,アニメオリジナル,0,,,
38,1,赤鬼村火祭殺人事件,原作,1,1,,
39,1,資産家令嬢殺人事件（前編）,原作,1,3,,
40,1,資産家令嬢殺人事件（後編）,原作,1,3,,
41,1,優勝旗切り裂き事件,アニメオリジナル,0,,,
42,1,カラオケボックス殺人事件,原作,4,4,,
43,2,江戸川コナン誘拐事件,原作,5,4,,工藤優作、有希子初登場
44,2,堀田三兄弟殺人事件,アニメオリジナル,0,,,
45,2,顔パック殺人事件,アニメオリジナル,0,,,
46,2,雪山山荘殺人事件,原作,1,1,,
47,2,スポーツクラブ殺人事件,アニメオリジナル,0,,,
48,2,外交官殺人事件（前編）,原作,5,5,服部平次,服部平次初登場
49,2,外交官殺人事件（後編）,原作,5,5,服部平次,
50,2,図書館殺人事件,原作,2,4,,
51,2,ゴルフ練習場殺人事件,アニメオリジナル,0,,,
52,2,霧天狗伝説殺人事件,原作,2,2,,
53,2,謎の凶器殺人事件,アニメオリジナル,0,,,
54,2,ゲーム会社殺人事件,原作,3,3,,
55,2,列車トリック殺人事件,アニメオリジナル,0,,,
56,2,おじゃマンボウ殺人事件,アニメオリジナル,0,,,
57,2,ホームズ・フリーク殺人事件（前編）,原作,5,5,服部平次,
58,2,ホームズ・フリーク殺人事件（後編）,原作,5,5,服部平次,
59,2,初めてのお使い殺人事件,アニメオリジナル,0,,,
60,2,イラストレーター殺人事件,原作,1,1,,
61,2,幽霊船殺人事件（前編）,アニメオリジナル,0,,,
62,2,幽霊船殺人事件（後編）,アニメオリジナル,0,,,
63,2,大怪獣ゴメラ殺人事件,原作,1,1,,
64,2,第3の指紋殺人事件,アニメオリジナル,0,,,
65,2,カニとクジラ誘拐事件,アニメオリジナル,0,,,
66,2,暗闇の道殺人事件,アニメオリジナル,0,,,
67,2,舞台女優殺人事件,アニメオリジナル,0,,,
68,2,闇の男爵（ナイトバロン）殺人事件（事件篇）,原作,5,5,,
69,2,闇の男爵（ナイトバロン）殺人事件（疑惑篇）,原作,5,5,,
70,2,闇の男爵（ナイトバロン）殺人事件（解決篇）,原作,5,5,,
71,2,ストーカー殺人事件,アニメオリジナル,0,,,
72,2,三つ子別荘殺人事件,原作,1,2,,
73,2,少年探偵団遭難事件,アニメオリジナル,0,,,
74,2,死神陣内殺人事件,アニメオリジナル,0,,,
75,2,金融会社社長殺人事件,原作,1,2,,
76,2,コナンVS怪盗キッド,原作,5,5,怪盗キッド,怪盗キッド初登場
77,2,名家連続変死事件（前編）,原作,3,4,,
78,2,名家連続変死事件（後編）,原作,3,4,,
79,2,銀行強盗殺人事件,アニメオリジナル,0,,,
80,2,放浪画家殺人事件,アニメオリジナル,0,,,
81,2,人気アーティスト誘拐事件（前編）,原作,2,4,,TWO-MIX登場
82,2,人気アーティスト誘拐事件（後編）,原作,2,4,,
83,2,総合病院殺人事件,アニメオリジナル,0,,,
84,2,スキーロッジ殺人事件（前編）,原作,3,4,,
85,2,スキーロッジ殺人事件（後編）,原作,3,4,,
86,3,誘拐現場特定事件,アニメオリジナル,0,,,
87,3,鶴の恩返し殺人事件,アニメオリジナル,0,,,
88,3,ドラキュラ荘殺人事件（前編）,アニメオリジナル,0,,,
89,3,ドラキュラ荘殺人事件（後編）,アニメオリジナル,0,,,
90,3,花の香り殺人事件,アニメオリジナル,0,,,
91,3,強盗犯人入院事件,原作,1,1,,
92,3,恐怖のトラヴァース殺人事件（前編）,アニメオリジナル,0,,,
93,3,恐怖のトラヴァース殺人事件（後編）,アニメオリジナル,0,,,
94,3,雪女伝説殺人事件,アニメオリジナル,0,,,
95,3,小五郎のデート殺人事件,アニメオリジナル,0,,,
96,3,追いつめられた名探偵! 連続2大殺人事件,原作,5,5,,
97,3,別れのワイン殺人事件,アニメオリジナル,0,,,
98,3,名陶芸家殺人事件（前編）,原作,1,2,,
99,3,名陶芸家殺人事件（後編）,原作,1,2,,
100,3,初恋の人想い出事件（前編）,原作,3,4,,
101,3,初恋の人想い出事件（後編）,原作,3,4,,
102,3,時代劇俳優殺人事件（前編）,原作,1,3,,
103,3,時代劇俳優殺人事件（後編）,原作,1,3,,
104,3,盗賊団謎の洋館事件（前編）,原作,2,3,,
105,3,盗賊団謎の洋館事件（後編）,原作,2,3,,
106,3,スクープ写真殺人事件,アニメオリジナル,0,,,
107,3,モグラ星人謎の事件（前編）,アニメオリジナル,0,,,
108,3,モグラ星人謎の事件（後編）,アニメオリジナル,0,,,
109,3,探偵団大追跡事件,アニメオリジナル,0,,,
110,3,料理教室殺人事件（前編）,アニメオリジナル,0,,,
111,3,料理教室殺人事件（後編）,アニメオリジナル,0,,,
112,3,帝丹小7不思議事件,原作,3,3,,小林澄子初登場
113,3,白い砂浜殺人事件,アニメオリジナル,0,,,
114,3,スキューバダイビング殺人事件（前編）,原作,1,1,,
115,3,スキューバダイビング殺人事件（後編）,原作,1,1,,
116,3,ミステリー作家失踪事件（前編）,原作,4,4,,
117,3,ミステリー作家失踪事件（後編）,原作,4,4,,
118,3,浪花の連続殺人事件,原作,5,5,"服部平次,遠山和葉",遠山和葉初登場
119,3,仮面ヤイバー殺人事件,アニメオリジナル,0,,,
120,3,ハニーカクテル殺人事件,アニメオリジナル,0,,,
121,3,バスルーム密室事件（前編）,原作,2,3,,
122,3,バスルーム密室事件（後編）,原作,2,3,,
123,3,お天気お姉さん誘拐事件,アニメオリジナル,0,,,
124,3,謎の狙撃者殺人事件（前編）,アニメオリジナル,0,,,
125,3,謎の狙撃者殺人事件（後編）,アニメオリジナル,0,,,
126,3,旅芝居一座殺人事件（前編）,アニメオリジナル,0,,,
127,3,旅芝居一座殺人事件（後編）,アニメオリジナル,0,,,
128,3,黒の組織10億円強奪事件,原作,5,4,宮野明美,宮野明美初登場
129,4,黒の組織から来た女 大学教授殺人事件,原作,5,5,灰原哀,灰原哀初登場
130,4,競技場無差別脅迫事件（前編）,原作,4,4,,
131,4,競技場無差別脅迫事件（後編）,原作,4,4,,
132,4,奇術愛好家殺人事件（事件篇）,原作,4,5,怪盗キッド,
133,4,奇術愛好家殺人事件（疑惑篇）,原作,4,5,怪盗キッド,
134,4,奇術愛好家殺人事件（解決篇）,原作,4,5,怪盗キッド,
135,4,消えた凶器捜索事件,アニメオリジナル,0,,,
136,4,青の古城探索事件（前編）,原作,4,4,,
137,4,青の古城探索事件（後編）,原作,4,4,,
138,4,最後の上映殺人事件（前編）,原作,1,1,,
139,4,最後の上映殺人事件（後編）,原作,1,1,,
140,4,SOS! 歩美からのメッセージ,アニメオリジナル,0,,,
141,4,結婚前夜の密室事件（前編）,原作,4,4,"服部平次,遠山和葉",
142,4,結婚前夜の密室事件（後編）,原作,4,4,"服部平次,遠山和葉",
143,4,疑惑の天体観測,アニメオリジナル,0,,,
144,4,上野発北斗星3号（前編）,原作,3,3,,
145,4,上野発北斗星3号（後編）,原作,3,3,,
146,4,本庁の刑事恋物語（前編）,原作,3,3,刑事恋物語,
147,4,本庁の刑事恋物語（後編）,原作,3,3,刑事恋物語,
148,4,路面電車急停止事件,アニメオリジナル,0,,,
149,4,遊園地バンジー事件,アニメオリジナル,0,,,
150,4,自動車爆発事件の真相（前編）,アニメオリジナル,0,,,
151,4,自動車爆発事件の真相（後編）,アニメオリジナル,0,,,
152,4,謎の老人失踪事件,アニメオリジナル,0,,,
153,4,園子のアブない夏物語（前編）,原作,3,4,京極真,京極真初登場
154,4,園子のアブない夏物語（後編）,原作,3,4,京極真,
155,4,水中の鍵密室事件,アニメオリジナル,0,,,
156,4,本庁の刑事恋物語2（前編）,原作,3,3,刑事恋物語,
157,4,本庁の刑事恋物語2（後編）,原作,3,3,刑事恋物語,
158,4,沈黙の環状線,アニメオリジナル,0,,,
159,4,怪奇五重塔伝説（前編）,アニメオリジナル,0,,,
160,4,怪奇五重塔伝説（後編）,アニメオリジナル,0,,,
161,4,流水亭に流れる殺意,アニメオリジナル,0,,,
162,4,空飛ぶ密室 工藤新一最初の事件,原作,5,5,,NY事件のプロローグ
163,4,月と星と太陽の秘密（前編）,原作,3,3,,
164,4,月と星と太陽の秘密（後編）,原作,3,3,,
165,4,少年探偵団消失事件,アニメオリジナル,0,,,
166,4,鳥取クモ屋敷の怪（事件編）,原作,3,5,"服部平次,遠山和葉",
167,4,鳥取クモ屋敷の怪（疑惑編）,原作,3,5,"服部平次,遠山和葉",
168,4,鳥取クモ屋敷の怪（解決編）,原作,3,5,"服部平次,遠山和葉",
169,4,ビーナスのキッス,アニメオリジナル,0,,,
170,4,暗闇の中の死角（前編）,原作,4,4,,新出先生初登場
171,4,暗闇の中の死角（後編）,原作,4,4,,
172,4,よみがえる死の伝言（ダイイング・メッセージ）（前編）,原作,2,2,,
173,4,よみがえる死の伝言（ダイイング・メッセージ）（後編）,原作,2,2,,
174,5,二十年目の殺意 シンフォニー号連続殺人事件,原作,3,5,,
175,5,四回殺された男,アニメオリジナル,0,,,
176,5,黒の組織との再会（灰原編）,原作,5,5,"黒ずくめの組織,灰原哀",
177,5,黒の組織との再会（コナン編）,原作,5,5,"黒ずくめの組織,灰原哀",
178,5,黒の組織との再会（解決編）,原作,5,5,"黒ずくめの組織,灰原哀",
179,5,喫茶店トラック乱入事件,アニメオリジナル,0,,,
180,5,赤い殺意の夜想曲（ノクターン）（前編）,アニメオリジナル,0,,,
181,5,赤い殺意の夜想曲（ノクターン）（後編）,アニメオリジナル,0,,,
182,5,大捜索9つのドア,アニメオリジナル,0,,,
183,5,危険なレシピ,アニメオリジナル,0,,,
184,5,呪いの仮面は冷たく笑う,アニメオリジナル,0,,,
185,5,殺された名探偵（前編）,アニメオリジナル,0,,,
186,5,殺された名探偵（後編）,アニメオリジナル,0,,,
187,5,闇に響く謎の銃声,アニメオリジナル,0,,,
188,5,命がけの復活 洞窟の探偵団,原作,5,5,命がけの復活シリーズ,命がけの復活シリーズ
189,5,命がけの復活 負傷した名探偵,原作,5,5,命がけの復活シリーズ,命がけの復活シリーズ
190,5,命がけの復活 第三の選択,原作,5,5,命がけの復活シリーズ,命がけの復活シリーズ
191,5,命がけの復活 黒衣の騎士,原作,5,5,命がけの復活シリーズ,命がけの復活シリーズ
192,5,命がけの復活 帰ってきた新一…,原作,5,5,命がけの復活シリーズ,命がけの復活シリーズ
193,5,命がけの復活 約束の場所,原作,5,5,命がけの復活シリーズ,命がけの復活シリーズ
194,5,意味深なオルゴール（前編）,原作,4,3,,
195,5,意味深なオルゴール（後編）,原作,4,3,,
196,5,見えない凶器 蘭の初推理,アニメオリジナル,0,,,
197,5,スーパーカーの罠（前編）,アニメオリジナル,0,,,
198,5,スーパーカーの罠（後編）,アニメオリジナル,0,,,
199,5,容疑者・毛利小五郎（前編）,原作,2,3,,
200,5,容疑者・毛利小五郎（後編）,原作,2,3,,
201,5,10人目の乗客（前編）,アニメオリジナル,0,,,
202,5,10人目の乗客（後編）,アニメオリジナル,0,,,
203,5,黒いイカロスの翼（前編）,アニメオリジナル,0,,,
204,5,黒いイカロスの翼（後編）,アニメオリジナル,0,,,
205,5,本庁の刑事恋物語3（前編）,原作,3,4,刑事恋物語,
206,5,本庁の刑事恋物語3（後編）,原作,3,4,刑事恋物語,
207,5,見事すぎた名推理,アニメオリジナル,0,,,
208,5,迷宮への入口 巨大神像の怒り,アニメオリジナル,0,,,
209,5,龍神山転落事件,アニメオリジナル,0,,,
210,5,五彩伝説の水御殿（前編）,アニメオリジナル,0,,,
211,5,五彩伝説の水御殿（後編）,アニメオリジナル,0,,,
212,5,きのこと熊と探偵団（前編）,原作,3,4,灰原哀,
213,5,きのこと熊と探偵団（後編）,原作,3,4,灰原哀,
214,5,レトロルームの謎事件,アニメオリジナル,0,,,
215,5,ベイ・オブ・ザ・リベンジ（前編）,アニメオリジナル,0,,,
216,5,ベイ・オブ・ザ・リベンジ（後編）,アニメオリジナル,0,,,
217,5,封印された目暮の秘密（前編）,原作,2,4,目暮十三,
218,5,封印された目暮の秘密（後編）,原作,2,4,目暮十三,
219,6,集められた名探偵! 工藤新一VS怪盗キッド,原作,5,5,"黒ずくめの組織,怪盗キッド,白馬探",白馬探初登場
220,6,偽りだらけの依頼人（前編）,原作,3,4,,
221,6,偽りだらけの依頼人（後編）,原作,3,4,,
222,6,そして人魚はいなくなった（事件編）,原作,5,5,"服部平次,遠山和葉",
223,6,そして人魚はいなくなった（推理編）,原作,5,5,"服部平次,遠山和葉",
224,6,そして人魚はいなくなった（解決編）,原作,5,5,"服部平次,遠山和葉",
225,6,商売繁盛のヒミツ,アニメオリジナル,0,,,
226,6,バトルゲームの罠（前編）,原作,4,3,ジョディ・スターリング,ジョディ先生初登場
227,6,バトルゲームの罠（後編）,原作,4,3,ジョディ・スターリング,
228,6,殺意の陶芸教室（前編）,原作,2,1,,
229,6,殺意の陶芸教室（後編）,原作,2,1,,
230,6,謎めいた乗客（前編）,原作,4,5,"赤井秀一,ジョディ・スターリング",赤井秀一初登場
231,6,謎めいた乗客（後編）,原作,4,5,"赤井秀一,ジョディ・スターリング",
232,6,マンション転落事件,アニメオリジナル,0,,,
233,6,消えなかった証拠（前編）,原作,3,3,,
234,6,消えなかった証拠（後編）,原作,3,3,,
235,6,密室のワインセラー,アニメオリジナル,0,,,
236,6,南紀白浜ミステリーツアー（前編）,アニメオリジナル,0,,,
237,6,南紀白浜ミステリーツアー（後編）,アニメオリジナル,0,,,
238,6,"大阪""3つのK""事件（前編）",原作,3,5,"服部平次,遠山和葉",
239,6,"大阪""3つのK""事件（後編）",原作,3,5,"服部平次,遠山和葉",
240,6,新幹線護送事件（前編）,原作,3,3,,
241,6,新幹線護送事件（後編）,原作,3,3,,
242,6,元太少年の災難,原作,4,2,,ジンの利き腕
243,6,毛利小五郎のニセ者（前編）,原作,2,2,,
244,6,毛利小五郎のニセ者（後編）,原作,2,2,,
245,6,ヒマワリ館の銃声,アニメオリジナル,0,,,
246,6,網にかかった謎（前編）,原作,2,2,灰原哀,
247,6,網にかかった謎（後編）,原作,2,2,灰原哀,
248,6,癒しの森のアリバイ,アニメオリジナル,0,,,
249,6,アイドル達の秘密（前編）,原作,2,4,,
250,6,アイドル達の秘密（後編）,原作,2,4,,
251,6,OK牧場の悲劇,アニメオリジナル,0,,,
252,6,絵の中の誘拐犯,アニメオリジナル,0,,,
253,6,本庁の刑事恋物語4（前編）,原作,2,4,刑事恋物語,
254,6,本庁の刑事恋物語4（後編）,原作,2,4,刑事恋物語,
255,6,松江玉造連句14番勝負（前編）,アニメオリジナル,0,,,
256,6,松江玉造連句14番勝負（後編）,アニメオリジナル,0,,,
257,6,世にも奇妙な天罰,アニメオリジナル,0,,,
258,6,シカゴから来た男（前編）,原作,4,4,ジェイムズ・ブラック,ジェイムズ・ブラック初登場
259,6,シカゴから来た男（後編）,原作,4,4,"ジェイムズ・ブラック,赤井秀一",
260,6,揺れるレストラン,アニメオリジナル,0,,,
261,6,雪の夜の恐怖伝説（前編）,アニメオリジナル,0,,,
262,6,雪の夜の恐怖伝説（後編）,アニメオリジナル,0,,,
263,7,大阪ダブルミステリー 浪花剣士と太閤の城,原作,2,5,"服部平次,遠山和葉",
264,7,法廷の対決 妃VS小五郎（前編）,アニメオリジナル,0,,,
265,7,法廷の対決 妃VS小五郎（後編）,アニメオリジナル,0,,,
266,7,バレンタインの真実（事件編）,原作,2,4,,
267,7,バレンタインの真実（推理編）,原作,2,4,,
268,7,バレンタインの真実（解決編）,原作,2,4,京極真,
269,7,犯罪の忘れ形見（前編）,原作,2,2,,
270,7,犯罪の忘れ形見（後編）,原作,2,2,,
271,7,隠して急いで省略（前編）,原作,4,3,ジョディ・スターリング,
272,7,隠して急いで省略（後編）,原作,4,3,ジョディ・スターリング,
273,7,クイズ婆さん失踪事件,アニメオリジナル,0,,,
274,7,幽霊屋敷の真実（前編）,原作,3,2,,
275,7,幽霊屋敷の真実（後編）,原作,3,2,,
276,7,警察手帳紛失事件,アニメオリジナル,0,,,
277,7,英語教師VS西の名探偵（前編）,原作,4,5,"ジョディ・スターリング,服部平次",
278,7,英語教師VS西の名探偵（後編）,原作,4,5,"ジョディ・スターリング,服部平次",
279,7,迷宮のフーリガン（前編）,原作,3,4,,
280,7,迷宮のフーリガン（後編）,原作,3,4,,
281,7,小さな目撃者たち,アニメオリジナル,0,,,
282,7,水流るる石庭の怪（前編）,アニメオリジナル,0,,,
283,7,水流るる石庭の怪（後編）,アニメオリジナル,0,,,
284,7,中華街 雨のデジャビュ（前編）,原作,4,5,,横溝重吾初登場
285,7,中華街 雨のデジャビュ（後編）,原作,4,5,,
286,7,工藤新一NY（ニューヨーク）の事件（事件編）,原作,5,5,,
287,7,工藤新一NY（ニューヨーク）の事件（推理編）,原作,5,5,,
288,7,工藤新一NY（ニューヨーク）の事件（解決編）,原作,5,5,,
289,7,迷いの森の光彦（前編）,原作,3,4,,
290,7,迷いの森の光彦（後編）,原作,3,4,,
291,7,孤島の姫と龍宮城（事件編）,原作,2,4,,
292,7,孤島の姫と龍宮城（追求編）,原作,2,4,,
293,7,孤島の姫と龍宮城（解決編）,原作,2,4,,
294,7,愛と決断のスマッシュ（前編）,アニメオリジナル,0,,,
295,7,愛と決断のスマッシュ（後編）,アニメオリジナル,0,,,
296,7,屋形船 釣りショック,アニメオリジナル,0,,,
297,7,法廷の対決II 妃VS九条（前編）,アニメオリジナル,0,,,
298,7,法廷の対決II 妃VS九条（後編）,アニメオリジナル,0,,,
299,7,友情と殺意の関門海峡（前編）,アニメオリジナル,0,,,
300,7,友情と殺意の関門海峡（後編）,アニメオリジナル,0,,,
301,7,悪意と聖者の行進（前編）,原作,4,4,刑事恋物語,松田陣平初登場
302,7,悪意と聖者の行進（後編）,原作,4,4,刑事恋物語,
303,7,戻ってきた被害者,アニメオリジナル,0,,,
304,8,揺れる警視庁 1200万人の人質,原作,5,5,"刑事恋物語,松田陣平,萩原研二",萩原研二初登場
305,8,見えない容疑者（前編）,原作,3,5,毛利小五郎,
306,8,見えない容疑者（後編）,原作,3,5,毛利小五郎,
307,8,残された声なき証言（前編）,原作,5,4,,
308,8,残された声なき証言（後編）,原作,5,4,,
309,8,黒の組織との接触（交渉編）,原作,5,5,黒ずくめの組織,
310,8,黒の組織との接触（追跡編）,原作,5,5,黒ずくめの組織,
311,8,黒の組織との接触（決死編）,原作,5,5,黒ずくめの組織,
312,8,夕日に染まった雛人形（前編）,原作,2,2,,
313,8,夕日に染まった雛人形（後編）,原作,2,2,,
314,8,壊れた柵の展望台,アニメオリジナル,0,,,
315,8,陽のあたる場所,アニメオリジナル,0,,,
316,8,汚れた覆面ヒーロー（前編）,原作,2,2,,
317,8,汚れた覆面ヒーロー（後編）,原作,2,2,,
318,8,幸運のシガーケース（前編）,アニメオリジナル,0,,,
319,8,幸運のシガーケース（後編）,アニメオリジナル,0,,,
320,8,忍法アリバイ工作の術,アニメオリジナル,0,,,
321,8,消えた誘拐逃走車（前編）,アニメオリジナル,0,,,
322,8,消えた誘拐逃走車（後編）,アニメオリジナル,0,,,
323,8,服部平次絶体絶命!（前編）,原作,3,5,"服部平次,遠山和葉",
324,8,服部平次絶体絶命!（後編）,原作,3,5,"服部平次,遠山和葉",
325,8,炎の中に赤い馬（事件編）,原作,3,5,"服部平次,遠山和葉",
326,8,炎の中に赤い馬（捜査編）,原作,3,5,"服部平次,遠山和葉",
327,8,炎の中に赤い馬（解決編）,原作,3,5,"服部平次,遠山和葉",
328,8,バースデーワインの謎,アニメオリジナル,0,,,
329,8,お金で買えない友情（前編）,原作,3,4,灰原哀,
330,8,お金で買えない友情（後編）,原作,3,4,灰原哀,
331,8,疑惑の辛口カレー（前編）,原作,2,3,,
332,8,疑惑の辛口カレー（後編）,原作,2,3,,
333,8,似た者プリンセス（前編）,原作,4,5,,
334,8,似た者プリンセス（後編）,原作,4,5,,
335,8,東都現像所の秘密（前編）,原作,4,4,,
336,8,東都現像所の秘密（後編）,原作,4,4,,
337,8,転落事件の裏事情,アニメオリジナル,0,,,
338,8,4台のポルシェ（前編）,原作,5,5,ジョディ・スターリング,
339,8,4台のポルシェ（後編）,原作,5,5,ジョディ・スターリング,
340,8,トイレに隠した秘密（前編）,原作,5,5,,
341,8,トイレに隠した秘密（後編）,原作,5,5,,
342,8,ハウステンボスの花嫁,アニメオリジナル,0,,,
343,8,コンビニの落とし穴（前編）,原作,5,5,ジョディ・スターリング,
344,8,コンビニの落とし穴（後編）,原作,5,5,ジョディ・スターリング,
345,9,黒の組織と真っ向勝負 満月の夜の二元ミステリー,原作,5,5,"黒ずくめの組織,ジョディ・スターリング,赤井秀一",
346,9,お尻のマークを探せ（前編）,原作,4,4,,
347,9,お尻のマークを探せ（後編）,原作,4,4,,
348,9,愛と幽霊と地球遺産（前編）,アニメオリジナル,0,,,
349,9,愛と幽霊と地球遺産（後編）,アニメオリジナル,0,,,
350,9,忘れられた携帯電話（前編）,原作,1,1,,
351,9,忘れられた携帯電話（後編）,原作,1,1,,
352,9,フィッシング大会の悲劇（前編）,アニメオリジナル,0,,,
353,9,フィッシング大会の悲劇（後編）,アニメオリジナル,0,,,
354,9,小さな依頼者（前編）,原作,1,3,,
355,9,小さな依頼者（後編）,原作,1,3,,
356,9,怪盗キッドの驚異空中歩行,原作,3,5,怪盗キッド,
357,9,恋人は春のまぼろし,アニメオリジナル,0,,,
358,9,本庁の刑事恋物語5（前編）,原作,4,5,刑事恋物語,
359,9,本庁の刑事恋物語5（後編）,原作,4,5,刑事恋物語,
360,9,不思議な春のかぶと虫,アニメオリジナル,0,,,
361,9,帝丹高校学校怪談（前編）,原作,4,4,,
362,9,帝丹高校学校怪談（後編）,原作,4,4,,
363,9,都会のカラス,アニメオリジナル,0,,,
364,9,シンクロにシティ事件（前編）,アニメオリジナル,0,,,
365,9,シンクロにシティ事件（後編）,アニメオリジナル,0,,,
366,9,丸見え埠頭の惨劇（前編）,原作,1,2,,
367,9,丸見え埠頭の惨劇（後編）,原作,1,2,,
368,9,魔女の棲むお菓子の家,アニメオリジナル,0,,,
369,9,ツイてる男のサスペンス,アニメオリジナル,0,,,
370,9,逃げ回るゲームソフト,アニメオリジナル,0,,,
371,9,物言わぬ航路（前編）,原作,4,3,,
372,9,物言わぬ航路（後編）,原作,4,3,,
373,9,猛毒蜘蛛の罠,アニメオリジナル,0,,,
374,9,星と煙草の暗号（前編）,原作,3,3,,
375,9,星と煙草の暗号（後編）,原作,3,3,,
376,9,タイムリミットは15時!,アニメオリジナル,0,,,
377,9,桃太郎謎解きツアー（前編）,アニメオリジナル,0,,,
378,9,桃太郎謎解きツアー（後編）,アニメオリジナル,0,,,
379,9,秘湯雪闇振袖事件（前編）,アニメオリジナル,0,,,
380,9,秘湯雪闇振袖事件（後編）,アニメオリジナル,0,,,
381,9,どっちの推理ショー（前編）,原作,2,5,"服部平次,遠山和葉",
382,9,どっちの推理ショー（後編）,原作,2,5,"服部平次,遠山和葉",
383,9,甲子園の奇跡! 見えない悪魔に負けず嫌い,原作,2,5,"服部平次,遠山和葉",
384,10,標的（ターゲット）は毛利小五郎,アニメオリジナル,0,,,
385,10,ストラディバリウスの不協和音 前奏曲,原作,5,5,,
386,10,ストラディバリウスの不協和音 間奏曲,原作,5,5,,
387,10,ストラディバリウスの不協和音 後奏曲,原作,5,5,,
388,10,薩摩に酔う小五郎（前編）,アニメオリジナル,0,,,
389,10,薩摩に酔う小五郎（後編）,アニメオリジナル,0,,,
390,10,本庁の刑事恋物語6（前編）,原作,3,2,刑事恋物語,
391,10,本庁の刑事恋物語6（後編）,原作,3,2,刑事恋物語,
392,10,謎めく身長差20cm,アニメオリジナル,0,,,
393,10,誘拐…らしい事件,アニメオリジナル,0,,,
394,10,奇抜な屋敷の大冒険（封印編）,原作,4,4,,
395,10,奇抜な屋敷の大冒険（絡繰編）,原作,4,4,,
396,10,奇抜な屋敷の大冒険（解決編）,原作,4,4,,
397,10,辛く苦く甘い汁,アニメオリジナル,0,,,
398,10,奇妙な一家の依頼（前編）,原作,4,3,,
399,10,奇妙な一家の依頼（後編）,原作,4,3,,
400,10,疑惑を持った蘭,原作,4,4,,
401,10,宝石強盗現行犯（前編）,原作,2,3,刑事恋物語,
402,10,宝石強盗現行犯（後編）,原作,2,3,刑事恋物語,
403,10,不思議な天使の館（前編）,アニメオリジナル,0,,,
404,10,不思議な天使の館（後編）,アニメオリジナル,0,,,
405,10,救急車を呼びに行った男,アニメオリジナル,0,,,
406,10,コナン平次の推理マジック（仕掛編）,原作,2,4,"服部平次,遠山和葉",
407,10,コナン平次の推理マジック（館編）,原作,2,4,"服部平次,遠山和葉",
408,10,コナン平次の推理マジック（解決編）,原作,2,4,"服部平次,遠山和葉",
409,10,同時進行舞台と誘拐（前編）,アニメオリジナル,0,,,
410,10,同時進行舞台と誘拐（後編）,アニメオリジナル,0,,,
411,10,神社鳥居ビックリ暗号（前編）,原作,2,3,,
412,10,神社鳥居ビックリ暗号（後編）,原作,2,3,,
413,10,完全半分犯罪の謎,アニメオリジナル,0,,,
414,10,青い鳥を追う探偵団,アニメオリジナル,0,,,
415,10,仏滅に出る悪霊（事件編）,原作,2,5,,
416,10,仏滅に出る悪霊（疑惑編）,原作,2,5,,
417,10,仏滅に出る悪霊（解決編）,原作,2,5,,
418,10,米花町グルニエの家,アニメオリジナル,0,,,
419,10,八岐大蛇の剣（前編）,アニメオリジナル,0,,,
420,10,八岐大蛇の剣（後編）,アニメオリジナル,0,,,
421,10,イチョウ色の初恋（前編）,原作,4,5,,フサエブランド初登場
422,10,イチョウ色の初恋（後編）,原作,4,5,,
423,10,探偵団と青虫4兄弟,アニメオリジナル,0,,,
424,10,ピエロからの写真メール,アニメオリジナル,0,,,
425,11,ブラックインパクト! 組織の手が届く瞬間,原作,5,5,"黒ずくめの組織,赤井秀一",キール、キャンティ、コルン初登場
426,11,蘭へのラブレター,アニメオリジナル,0,,,
427,11,超秘密の通学路（前編）,原作,4,4,,
428,11,超秘密の通学路（後編）,原作,4,4,,
429,11,もう戻れない二人（前編）,原作,4,4,本堂瑛祐,本堂瑛祐初登場
430,11,もう戻れない二人（後編）,原作,4,4,本堂瑛祐,
431,11,本庁の刑事恋物語7（前編）,原作,3,3,刑事恋物語,
432,11,本庁の刑事恋物語7（後編）,原作,3,3,刑事恋物語,
433,11,コナン変な子,アニメオリジナル,0,,,
434,11,名犬クールのお手柄,アニメオリジナル,0,,,
435,11,探偵団に注目取材（前編）,原作,3,4,,
436,11,探偵団に注目取材（後編）,原作,3,4,,
437,11,上戸彩と新一 4年前の約束,アニメオリジナル,0,,,
438,11,お魚メールの追跡,原作,1,1,,
439,11,そして誰もいなくなればいい,アニメオリジナル,0,,,
440,11,極限のカースタント,アニメオリジナル,0,,,
441,11,最期のアーン,アニメオリジナル,0,,,
442,11,鉄骨に阻まれた男,アニメオリジナル,0,,,
443,11,ため息潮干狩り（前編）,原作,2,3,,
444,11,ため息潮干狩り（後編）,原作,2,3,,
445,11,ロシアンブルーの秘密,原作,2,4,,
446,11,封印された洋窓（前編）,原作,3,4,本堂瑛祐,
447,11,封印された洋窓（後編）,原作,3,4,本堂瑛祐,
448,11,目黒の秋刀魚事件,アニメオリジナル,0,,,
449,11,本庁の刑事恋物語 偽りのウエディング,原作,2,4,刑事恋物語,
450,11,トリックVSマジック（前編）,アニメオリジナル,0,,,
451,11,トリックVSマジック（後編）,アニメオリジナル,0,,,
452,11,こんぴら座の怪人,アニメオリジナル,0,,,
453,11,因縁と友情の試写会,原作,1,1,,
454,11,ひっくり返った結末（前編）,原作,1,1,,
455,11,ひっくり返った結末（後編）,原作,1,1,,
456,11,俺が愛したミステリー,アニメオリジナル,0,,,
457,11,園子の赤いハンカチ（前編）,原作,3,4,,
458,11,園子の赤いハンカチ（後編）,原作,3,4,京極真,
459,11,怪人ガチガチ規則男,アニメオリジナル,0,,,
460,12,1年B組大作戦!,原作,2,4,,
461,12,消えた1ページ,アニメオリジナル,0,,,
462,12,黒の組織の影 幼い目撃者,原作,5,5,黒ずくめの組織,
463,12,黒の組織の影 奇妙な照明,原作,5,5,黒ずくめの組織,
464,12,黒の組織の影 謎の高額報酬,原作,5,5,黒ずくめの組織,
465,12,黒の組織の影 真珠の流れ星,原作,5,5,黒ずくめの組織,
466,12,割れない雪だるま（前編）,原作,4,3,,
467,12,割れない雪だるま（後編）,原作,4,3,,
468,12,池のほとりの怪事件,アニメオリジナル,0,,,
469,12,怪盗キッドと四名画（前編）,原作,2,3,怪盗キッド,
470,12,怪盗キッドと四名画（後編）,原作,2,3,怪盗キッド,
471,12,レンタカー制御不能!,アニメオリジナル,0,,,
472,12,工藤新一少年の冒険（前編）,原作,5,5,,黒羽盗一初登場
473,12,工藤新一少年の冒険（後編）,原作,5,5,,
474,12,妃英理弁護士の恋,原作,1,3,,
475,12,悪運グランプリ,アニメオリジナル,0,,,
476,12,元太の必殺シュート（前編）,原作,1,3,,
477,12,元太の必殺シュート（後編）,原作,1,3,,
478,12,リアル30ミニッツ,アニメオリジナル,0,,,
479,12,服部平次との3日間,原作,4,5,"服部平次,遠山和葉",
480,12,黄色い不在証明,アニメオリジナル,0,,,
481,12,山姥の刃物（前編）,原作,1,4,,
482,12,山姥の刃物（後編）,原作,1,4,,
483,12,消えたお巡りさん,アニメオリジナル,0,,,
484,12,黒い写真の行方（前編）,原作,4,4,,
485,12,黒い写真の行方（後編）,原作,4,4,,
486,12,右から左へ招き猫,アニメオリジナル,0,,,
487,12,本庁の刑事恋物語8 左手の薬指,原作,2,4,刑事恋物語,
488,12,テレビ局の悪魔,原作,1,4,,
489,12,法廷の対決III 目撃者は検察官,アニメオリジナル,0,,,
490,12,服部平次VS工藤新一 ゲレンデの推理対決!,原作,3,5,服部平次,
491,13,赤と黒のクラッシュ 発端,原作,5,5,黒ずくめの組織,
492,13,赤と黒のクラッシュ 血縁,原作,5,5,黒ずくめの組織,
493,13,赤と黒のクラッシュ 絶叫,原作,5,5,黒ずくめの組織,
494,13,赤と黒のクラッシュ 冥土,原作,5,5,黒ずくめの組織,
495,13,赤と黒のクラッシュ 昏睡,原作,5,5,黒ずくめの組織,
496,13,赤と黒のクラッシュ 侵入,原作,5,5,黒ずくめの組織,
497,13,赤と黒のクラッシュ 覚醒,原作,5,5,黒ずくめの組織,
498,13,赤と黒のクラッシュ 攪乱,原作,5,5,黒ずくめの組織,
499,13,赤と黒のクラッシュ 偽装,原作,5,5,黒ずくめの組織,
500,13,赤と黒のクラッシュ 遺言,原作,5,5,黒ずくめの組織,
501,13,赤と黒のクラッシュ 嫌疑,原作,5,5,黒ずくめの組織,
502,13,赤と黒のクラッシュ 潔白,原作,5,5,黒ずくめの組織,
503,13,赤と黒のクラッシュ 決死,原作,5,5,黒ずくめの組織,
504,13,赤と黒のクラッシュ 殉職,原作,5,5,黒ずくめの組織,
505,13,弁護士妃英理の証言（前編）,原作,2,2,,
506,13,弁護士妃英理の証言（後編）,原作,2,2,,
507,13,カラオケボックスの死角（前編）,原作,4,4,本堂瑛祐,
508,13,カラオケボックスの死角（後編）,原作,4,4,本堂瑛祐,
509,13,赤白黄色と探偵団,原作,4,5,,バーボン編スタート
510,13,コナンVSW暗号ミステリー,原作,4,5,,
511,13,推理対決! 新一VS沖矢昴,原作,4,5,,
512,13,砕けたホロスコープ,アニメオリジナル,0,,,
513,13,殺意はコーヒーの香り（前編）,原作,1,3,,
514,13,殺意はコーヒーの香り（後編）,原作,1,3,,
515,13,怪盗キッドの瞬間移動魔術,原作,3,5,怪盗キッド,
516,13,風林火山 迷宮の鎧武者,原作,4,5,,
517,13,風林火山 陰と雷光の決着,原作,4,5,,
518,13,明治維新ミステリーツアー（探索編）,アニメオリジナル,0,,,
519,13,明治維新ミステリーツアー（解読編）,アニメオリジナル,0,,,
520,13,ワインレッドの告発,アニメオリジナル,0,,,
521,14,殺人犯、工藤新一,原作,4,5,,
522,14,新一の正体に蘭の涙,原作,4,5,,
523,14,本当に聞きたいコト,原作,4,5,,
524,14,憎しみの青い火花（前編）,原作,3,3,,
525,14,憎しみの青い火花（後編）,原作,3,3,,
526,14,真犯人からの届け物,原作,2,2,,
527,14,仮面劇に秘めた悪意,アニメオリジナル,0,,,
528,14,柔よく謎を制す（前編）,原作,2,2,,
529,14,柔よく謎を制す（後編）,原作,2,2,,
530,14,都市伝説の正体（前編）,原作,3,4,,
531,14,都市伝説の正体（後編）,原作,3,4,,
532,14,初恋の傷跡,原作,3,4,,
533,14,過去を呼ぶ傷跡,原作,3,4,,
534,14,新たな傷跡と口笛の男,原作,3,4,,
535,14,古き傷跡と刑事の魂,原作,3,4,,
536,14,消えた名画の秘密,アニメオリジナル,0,,,
537,14,怪盗キッドVS最強金庫（前編）,原作,3,4,,
538,14,怪盗キッドVS最強金庫（後編）,原作,3,4,,
539,14,愚か者への遺産,アニメオリジナル,0,,,
540,14,毛利小五郎探偵廃業の日（前編）,アニメオリジナル,0,,,
541,14,毛利小五郎探偵廃業の日（後編）,アニメオリジナル,0,,,
542,14,魚が消える一角岩（前編）,原作,4,4,,
543,14,魚が消える一角岩（後編）,原作,4,4,,
544,14,不協和音を奏でる手,アニメオリジナル,0,,,
545,14,霧にむせぶ魔女（前編）,原作,2,3,,
546,14,霧にむせぶ魔女（後編）,原作,2,3,,
547,14,犯人との二日間（一日目）,アニメオリジナル,0,,,
548,14,犯人との二日間（二日目）,アニメオリジナル,0,,,
549,14,回転寿司ミステリー（前編）,原作,2,3,,
550,14,回転寿司ミステリー（後編）,原作,2,3,,
551,14,犯人は元太の父ちゃん（前編）,原作,3,4,,
552,14,犯人は元太の父ちゃん（後編）,原作,3,4,,
553,14,ザ・取調室,アニメオリジナル,0,,,
554,14,こうのとりミステリーツアー（蘭捜索編）,アニメオリジナル,0,,,
555,14,こうのとりミステリーツアー（陽菜追跡編）,アニメオリジナル,0,,,
556,14,恐怖の交差点,アニメオリジナル,0,,,
557,14,危険な二人連れ,原作,4,5,,
558,14,死亡の館、赤い壁（三顧の礼）,原作,4,5,,
559,14,死亡の館、赤い壁（掌中の物）,原作,4,5,,
560,14,死亡の館、赤い壁（死せる孔明）,原作,4,5,,
561,14,死亡の館、赤い壁（空城の計）,原作,4,5,,
562,15,虹色の誘拐,アニメオリジナル,0,,,
563,15,探偵団VS強盗団 騒然,原作,5,5,,
564,15,探偵団VS強盗団 沈黙,原作,5,5,,
565,15,見てない目撃者,アニメオリジナル,0,,,
566,15,相棒はサンタさん,アニメオリジナル,0,,,
567,15,露天風呂に降る殺意,アニメオリジナル,0,,,
568,15,白鳥警部、桜の思い出（前編）,原作,3,4,,
569,15,白鳥警部、桜の思い出（後編）,原作,3,4,,
570,15,立証確率ゼロの犯罪,アニメオリジナル,0,,,
571,15,もののけ倉でお宝バトル（前編）,原作,2,4,,
572,15,もののけ倉でお宝バトル（後編）,原作,2,4,,
573,15,恥ずかしいお守りの行方（前編）,原作,2,4,,
574,15,恥ずかしいお守りの行方（後編）,原作,2,4,,
575,15,黒きドレスのアリバイ（前編）,原作,2,2,,
576,15,黒きドレスのアリバイ（後編）,原作,2,2,,
577,15,ホタルが灯した真実,アニメオリジナル,0,,,
578,15,危機呼ぶ赤い前兆,原作,5,5,,
579,15,黒き13の暗示,原作,5,5,,
580,15,迫る黒の刻限,原作,5,5,,
581,15,赤く揺れる照準,原作,5,5,,
582,15,ゾンビが死んだ夜,アニメオリジナル,0,,,
583,15,小林先生の恋,原作,3,3,,
584,15,白鳥警部の失恋,原作,3,3,,
585,15,時を超える桜の恋,原作,3,3,,
586,15,闇に消えた麒麟の角,原作,3,3,,
587,15,キッドVS四神探偵団,原作,3,3,,
588,15,屋上農園の罠,アニメオリジナル,0,,,
589,15,最悪な誕生日（前編）,原作,2,3,,
590,15,最悪な誕生日（後編）,原作,2,3,,
591,15,水族館のある家,アニメオリジナル,0,,,
592,15,猿と熊手のトリ物帖（前編）,原作,2,2,,
593,15,猿と熊手のトリ物帖（後編）,原作,2,2,,
594,15,広島宮島七不思議ツアー（宮島編）,アニメオリジナル,0,,,
595,15,広島宮島七不思議ツアー（広島編）,アニメオリジナル,0,,,
596,15,転落のアリバイ,アニメオリジナル,0,,,
597,15,湯煙密室のシナリオ（前編）,原作,2,4,,
598,15,湯煙密室のシナリオ（後編）,原作,2,4,,
599,15,セイギノミカタ,アニメオリジナル,0,,,
600,15,河童が見た夢（前編）,原作,2,2,,
601,15,河童が見た夢（後編）,原作,2,2,,
602,16,テニスコートに潜む悪魔,アニメオリジナル,0,,,
603,16,降霊会W密室事件（第一の密室）,アニメオリジナル,0,,,
604,16,降霊会W密室事件（第二の密室）,アニメオリジナル,0,,,
605,16,降霊会W密室事件（密室開放）,アニメオリジナル,0,,,
606,16,法廷の対決IV 裁判員小林澄子（前編）,アニメオリジナル,0,,,
607,16,法廷の対決IV 裁判員小林澄子（後編）,アニメオリジナル,0,,,
608,16,裏切りのホワイトデー（前編）,原作,2,2,,
609,16,裏切りのホワイトデー（後編）,原作,2,2,,
610,16,被害者はクドウシンイチ,原作,2,3,,
611,16,犬伏城炎の魔犬（鬼火の章）,原作,2,3,,
612,16,犬伏城炎の魔犬（足跡の章）,原作,2,3,,
613,16,犬伏城炎の魔犬（姫の章）,原作,2,3,,
614,16,日記が奏でる秘密（前編）,原作,2,2,,
615,16,日記が奏でる秘密（後編）,原作,2,2,,
616,16,ホームズの黙示録（名探偵の弟子）,原作,5,5,,
617,16,ホームズの黙示録（LOVE IS 0）,原作,5,5,,
618,16,ホームズの黙示録（サタン）,原作,5,5,,
619,16,ホームズの黙示録（CODE BREAK）,原作,5,5,,
620,16,ホームズの黙示録（芝の女王）,原作,5,5,,
621,16,ホームズの黙示録（0 IS START）,原作,5,5,,
622,16,緊急事態252（前編）,原作,3,3,,
623,16,緊急事態252（後編）,原作,3,3,,
624,16,初恋のビデオレター,原作,3,3,,
625,16,絶叫手術室（前編）,原作,3,3,,
626,16,絶叫手術室（後編）,原作,3,3,,
627,16,コナンキッドの龍馬お宝攻防戦（前編）,原作,3,4,,
628,16,コナンキッドの龍馬お宝攻防戦（後編）,原作,3,4,,
629,16,プロモビデオ撮影事件（前編）,アニメオリジナル,0,,,
630,16,プロモビデオ撮影事件（後編）,アニメオリジナル,0,,,
631,16,花時計は知っていた,アニメオリジナル,0,,,
632,16,時の番人の刃（前編）,原作,2,2,,
633,16,時の番人の刃（後編）,原作,2,2,,
634,16,犯行現場は激セマ店,アニメオリジナル,0,,,
635,16,ダイエットにご用心,アニメオリジナル,0,,,
636,16,世界一受けたい授業事件（前編）,アニメオリジナル,0,,,
637,16,世界一受けたい授業事件（後編）,アニメオリジナル,0,,,
638,16,紅葉御殿で謎を解く（前編）,アニメオリジナル,0,,,
639,16,紅葉御殿で謎を解く（後編）,アニメオリジナル,0,,,
640,16,8枚のスケッチ記憶の旅（岡山編）,アニメオリジナル,0,,,
641,16,8枚のスケッチ記憶の旅（倉敷編）,アニメオリジナル,0,,,
642,17,カルタ取り危機一髪（前編）,原作,2,2,,
643,17,カルタ取り危機一髪（後編）,原作,2,2,,
644,17,死ぬほど美味いラーメン（前編）,原作,4,4,,
645,17,死ぬほど美味いラーメン（後編）,原作,4,4,,
646,17,幽霊ホテルの推理対決（前編）,原作,5,5,,
647,17,幽霊ホテルの推理対決（後編）,原作,5,5,,
648,17,探偵事務所籠城事件（勃発）,原作,5,4,,
649,17,探偵事務所籠城事件（狙撃）,原作,5,4,,
650,17,探偵事務所籠城事件（解放）,原作,5,4,,
651,17,コナンVS平次 東西探偵推理勝負,原作,4,5,,
652,17,毒と幻のデザイン（EYE）,原作,3,5,,
653,17,毒と幻のデザイン（S）,原作,3,5,,
654,17,毒と幻のデザイン（Poison）,原作,3,5,,
655,17,毒と幻のデザイン（Illusion）,原作,3,5,,
656,17,博士の動画サイト（前編）,原作,4,3,,
657,17,博士の動画サイト（後編）,原作,4,3,,
658,17,ショコラの熱い罠,アニメオリジナル,0,,,
659,17,初恋の共同捜査（前編）,原作,3,3,,
660,17,初恋の共同捜査（後編）,原作,3,3,,
661,17,小五郎さんはいい人（前編）,原作,2,2,,
662,17,小五郎さんはいい人（後編）,原作,2,2,,
663,17,ミヤマクワガタを追え,アニメオリジナル,0,,,
664,17,名犬クールのお手柄2,アニメオリジナル,0,,,
665,17,疑惑のイニシャルK,アニメオリジナル,0,,,
666,17,雨の夜の脅迫者,アニメオリジナル,0,,,
667,17,ウェディングイブ（前編）,原作,5,5,,
668,17,ウェディングイブ（後編）,原作,5,5,,
669,17,くらやみ塔の秘宝（前編）,アニメオリジナル,0,,,
670,17,くらやみ塔の秘宝（後編）,アニメオリジナル,0,,,
671,17,探偵たちの夜想曲（事件）,原作,5,5,,
672,17,探偵たちの夜想曲（誘拐）,原作,5,5,,
673,17,探偵たちの夜想曲（推理）,原作,5,5,,
674,17,探偵たちの夜想曲（バーボン）,原作,5,5,,
675,17,1ミリも許さない（前編）,原作,4,4,,
676,17,1ミリも許さない（後編）,原作,4,4,,
677,17,足跡がない砂浜,アニメオリジナル,0,,,
678,17,長崎ミステリー劇場（幕末篇）,アニメオリジナル,0,,,
679,17,長崎ミステリー劇場（現代篇）,アニメオリジナル,0,,,
680,17,サボテン狂騒曲,アニメオリジナル,0,,,
681,18,命を賭けた恋愛中継（中継開始）,原作,4,4,,
682,18,命を賭けた恋愛中継（絶体絶命）,原作,4,4,,
683,18,命を賭けた恋愛中継（現場突入）,原作,4,4,,
684,18,泡と湯気と煙（前編）,原作,4,4,,
685,18,泡と湯気と煙（後編）,原作,4,4,,
686,18,時限爆弾を乗せた車,アニメオリジナル,0,,,
687,18,誰にもとけない氷の罠,アニメオリジナル,0,,,
688,18,高木刑事3千万拾う,アニメオリジナル,0,,,
689,18,依頼人からのメッセージ,アニメオリジナル,0,,,
690,18,工藤優作の未解決事件（前編）,原作,4,4,,
691,18,工藤優作の未解決事件（後編）,原作,4,4,,
692,18,隅田川夜桜ルート（前編）,アニメオリジナル,0,,,
693,18,隅田川夜桜ルート（後編）,アニメオリジナル,0,,,
694,18,消えた老舗の和菓子,アニメオリジナル,0,,,
695,18,葡萄畑に薔薇の花,アニメオリジナル,0,,,
696,18,花壇あらしの陰謀,アニメオリジナル,0,,,
697,18,女学園の窓,アニメオリジナル,0,,,
698,18,まさか! UFO墜落事件,アニメオリジナル,0,,,
699,18,灰原の秘密に迫る影（前編）,原作,5,5,,
700,18,灰原の秘密に迫る影（後編）,原作,5,5,,
701,18,漆黒の特急（発車）,原作,5,5,,
702,18,漆黒の特急（隧道）,原作,5,5,,
703,18,漆黒の特急（交差）,原作,5,5,,
704,18,漆黒の特急（終点）,原作,5,5,,
705,18,密室にいるコナン,原作,5,4,,
706,18,謎解きするバーボン,原作,5,4,,
707,18,はめられた名探偵,アニメオリジナル,0,,,
708,18,ゆっくり落ちた男,アニメオリジナル,0,,,
709,18,未確認衝撃事件,アニメオリジナル,0,,,
710,18,みんなが見ていた（前編）,原作,3,4,,
711,18,みんなが見ていた（後編）,原作,3,4,,
712,18,服部平次と吸血鬼館（一）,原作,3,4,,
713,18,服部平次と吸血鬼館（二）,原作,3,4,,
714,18,服部平次と吸血鬼館（三）,原作,3,4,,
715,18,服部平次と吸血鬼館（四）,原作,3,4,,
716,18,能面屋敷に鬼が踊る（前編）,アニメオリジナル,0,,,
717,18,能面屋敷に鬼が踊る（後編）,アニメオリジナル,0,,,
718,18,悪魔の回路,アニメオリジナル,0,,,
719,18,プラチナチケット騒動記,アニメオリジナル,0,,,
720,18,火と水のミステリーツアー（阿蘇編）,アニメオリジナル,0,,,
721,18,火と水のミステリーツアー（熊本編）,アニメオリジナル,0,,,
722,18,甘く冷たい宅配便（前編）,原作,4,5,,
723,18,甘く冷たい宅配便（後編）,原作,4,5,,
724,19,怪盗キッドと赤面の人魚（前編）,原作,4,4,,
725,19,怪盗キッドと赤面の人魚（後編）,原作,4,4,,
726,19,幸福メールは不幸を呼ぶ,アニメオリジナル,0,,,
727,19,果実が詰まった宝箱（前編）,原作,4,4,,
728,19,果実が詰まった宝箱（後編）,原作,4,4,,
729,19,ダイヤと絵画と大女優,アニメオリジナル,0,,,
730,19,完璧すぎたフィギュア,アニメオリジナル,0,,,
731,19,現場の隣人は元カレ（前編）,原作,4,4,,
732,19,現場の隣人は元カレ（後編）,原作,4,4,,
733,19,披露宴と二つの銃声,アニメオリジナル,0,,,
734,19,ジョディの追憶とお花見の罠,原作,5,5,,
735,19,暗号付きの招待状,アニメオリジナル,0,,,
736,19,毛利小五郎像の秘密,アニメオリジナル,0,,,
737,19,疑惑の散歩道,アニメオリジナル,0,,,
738,19,小五郎はBARにいる（前編）,原作,4,4,,
739,19,小五郎はBARにいる（後編）,原作,4,4,,
740,19,蘭も倒れたバスルーム（前編）,原作,4,3,,
741,19,蘭も倒れたバスルーム（後編）,原作,4,3,,
742,19,Jリーガーとの約束,アニメオリジナル,0,,,
743,19,偶然は二度かさなる,アニメオリジナル,0,,,
744,19,容疑者か京極真（前編）,原作,4,3,,
745,19,容疑者か京極真（後編）,原作,4,3,,
746,19,怪盗キッドVS京極真（前編）,原作,4,3,,
747,19,怪盗キッドVS京極真（後編）,原作,4,3,,
748,19,本庁の刑事恋物語（告白）,原作,3,3,,
749,19,本庁の刑事恋物語（真相）,原作,3,3,,
750,19,海に裏切られた男,アニメオリジナル,44,,,
751,19,招き三毛猫の事件（前編）,原作,4,3,,
752,19,招き三毛猫の事件（後編）,原作,4,3,,
753,19,シェアハウスの死角,アニメオリジナル,0,,,
754,19,赤い女の惨劇（湯煙）,原作,4,4,,
755,19,赤い女の惨劇（悪霊）,原作,4,4,,
756,19,赤い女の惨劇（復讐）,原作,4,4,,
757,19,自首したお笑い芸人（前編）,アニメオリジナル,0,,,
758,19,自首したお笑い芸人（後編）,アニメオリジナル,0,,,
759,19,意外な結果の恋愛小説（前編）,原作,4,3,,
760,19,意外な結果の恋愛小説（後編）,原作,4,3,,
761,19,加賀百万石ミステリーツアー（金沢編）,アニメオリジナル,0,,,
762,19,加賀百万石ミステリーツアー（加賀温泉編）,アニメオリジナル,0,,,
763,20,コナンと平次 恋の暗号（前編）,原作,3,4,,
764,20,コナンと平次 恋の暗号（後編）,原作,3,4,,
765,20,堤無津川凧揚げ事件（前編）,原作,4,3,,
766,20,堤無津川凧揚げ事件（後編）,原作,4,3,,
767,20,吹雪に消えた恋人,アニメオリジナル,0,,,
768,20,灰原哀監禁事件,アニメオリジナル,0,,,
769,20,面倒な救急患者,アニメオリジナル,0,,,
770,20,ギスギスしたお茶会（前編）,原作,5,5,,
771,20,ギスギスしたお茶会（後編）,原作,5,5,,
772,20,工藤新一水族館事件（前編）,原作,5,5,,
773,20,工藤新一水族館事件（後編）,原作,5,5,,
774,20,消えたムンクの叫び,アニメオリジナル,0,,,
775,20,あやつられた名探偵（前編）,アニメオリジナル,0,,,
776,20,あやつられた名探偵（後編）,アニメオリジナル,0,,,
777,20,少年探偵団vs老人探偵団,アニメオリジナル,0,,,
778,20,天使が消えた蜃気楼,アニメオリジナル,0,,,
779,20,緋色の序章,原作,5,5,,
780,20,緋色の追求,原作,5,5,,
781,20,緋色の交錯,原作,5,5,,
782,20,緋色の帰還,原作,5,5,,
783,20,緋色の真相,原作,5,5,,
784,20,織り姫クラブへようこそ,アニメオリジナル,0,,,
785,20,太閤恋する名人戦（前編）,原作,4,4,,
786,20,太閤恋する名人戦（後編）,原作,4,4,,
787,20,真夏のプールに沈む謎（前編）,原作,4,3,,
788,20,真夏のプールに沈む謎（後編）,原作,4,3,,
789,20,女王様の天気予報,アニメオリジナル,0,,,
790,20,米花ポン 出血大サービス,アニメオリジナル,0,,,
791,20,高木刑事、手錠で逃走,アニメオリジナル,0,,,
792,20,三人の第一発見者（前編）,原作,5,4,,
793,20,三人の第一発見者（後編）,原作,5,4,,
794,20,ボディーガード毛利小五郎,アニメオリジナル,0,,,
795,20,若奥様が消えた秘密,アニメオリジナル,0,,,
796,20,おしどり夫婦の策略,アニメオリジナル,0,,,
797,20,夢みる乙女の迷推理,アニメオリジナル,0,,,
798,20,動く標的,アニメオリジナル,0,,,
799,20,探偵団の密室推理合戦,アニメオリジナル,0,,,
800,20,1億円を追いかけろ,アニメオリジナル,0,,,
801,20,鳥取砂丘ミステリーツアー（倉吉編）,アニメオリジナル,0,,,
802,20,鳥取砂丘ミステリーツアー（鳥取編）,アニメオリジナル,0,,,
803,20,火の用心の落とし穴,アニメオリジナル,0,,,
804,21,コナンと海老蔵 歌舞伎十八番ミステリー（前編）,アニメオリジナル,0,,,
805,21,コナンと海老蔵 歌舞伎十八番ミステリー（後編）,アニメオリジナル,0,,,
806,21,腹話術師の錯覚（前編）,アニメオリジナル,0,,,
807,21,腹話術師の錯覚（後編）,アニメオリジナル,0,,,
808,21,かまいたちの宿（前編）,原作,3,3,,
809,21,かまいたちの宿（後編）,原作,3,3,,
810,21,県警の黒い闇（前編）,原作,5,5,,
811,21,県警の黒い闇（中編）,原作,5,5,,
812,21,県警の黒い闇（後編）,原作,5,5,,
813,21,安室に忍びよる影,アニメオリジナル,0,,,
814,21,ブログ女優の密室事件（前編）,原作,4,3,,
815,21,ブログ女優の密室事件（後編）,原作,4,3,,
816,21,残念でやさしい宇宙人,アニメオリジナル,0,,,
817,21,消えたフィアンセ,アニメオリジナル,0,,,
818,21,小五郎、怒りの大追跡（前編）,アニメオリジナル,0,,,
819,21,小五郎、怒りの大追跡（後編）,アニメオリジナル,0,,,
820,21,待合室の7人,アニメオリジナル,0,,,
821,21,曇柄寺が隠す秘密,アニメオリジナル,0,,,
822,21,容疑者は熱愛カップル（前編）,原作,4,3,,
823,21,容疑者は熱愛カップル（後編）,原作,4,3,,
824,21,少年探偵団の雨宿り,アニメオリジナル,0,,,
825,21,潮入り公園逆転事件,アニメオリジナル,0,,,
826,21,美女とウソと秘密,アニメオリジナル,0,,,
827,21,死ぬほど美味いラーメン2（前編）,原作,4,3,,
828,21,死ぬほど美味いラーメン2（後編）,原作,4,3,,
829,21,不思議な少年,アニメオリジナル,0,,,
830,21,ゾンビが囲む別荘（前編）,原作,3,3,,
831,21,ゾンビが囲む別荘（中編）,原作,3,3,,
832,21,ゾンビが囲む別荘（後編）,原作,3,3,,
833,21,名探偵に弱点あり,アニメオリジナル,0,,,
834,21,二度死んだ男（前編）,アニメオリジナル,0,,,
835,21,二度死んだ男（後編）,アニメオリジナル,0,,,
836,21,仲の悪いガールズバンド（前編）,原作,5,4,,
837,21,仲の悪いガールズバンド（後編）,原作,5,4,,
838,21,ふんわり気球で怪事件,アニメオリジナル,0,,,
839,21,天狗の声が聞こえる,アニメオリジナル,0,,,
840,21,最後の贈り物,アニメオリジナル,0,,,
841,21,雨のバス停,アニメオリジナル,0,,,
842,21,ドライブデートの別れ道,アニメオリジナル,0,,,
843,21,探偵団はヤブの中（前編）,原作,4,5,,
844,21,探偵団はヤブの中（後編）,原作,4,5,,
845,22,絶体絶命 暗闇のコナン（前編）,アニメオリジナル,0,,,
846,22,絶体絶命 暗闇のコナン（後編）,アニメオリジナル,0,,,
847,22,千葉のUFO難事件（前編）,原作,4,3,,
848,22,千葉のUFO難事件（後編）,原作,4,3,,
849,22,婚姻届のパスワード（前編）,原作,4,4,,
850,22,婚姻届のパスワード（後編）,原作,4,4,,
851,22,恋の地獄めぐりツアー（別府編）,アニメオリジナル,0,,,
852,22,恋の地獄めぐりツアー（大分編）,アニメオリジナル,0,,,
853,22,サクラ組の思い出（蘭GIRL）,原作,4,4,,
854,22,サクラ組の思い出（新一BOY）,原作,4,4,,
855,22,消えた黒帯の謎,アニメオリジナル,0,,,
856,22,セレブ夫婦の秘密,アニメオリジナル,0,,,
857,22,米花町二転三転ミステリー（前編）,アニメオリジナル,0,,,
858,22,米花町二転三転ミステリー（後編）,アニメオリジナル,0,,,
859,22,暗闇の山岳ルート,アニメオリジナル,0,,,
860,22,防犯システムの落とし穴,アニメオリジナル,0,,,
861,22,17年前と同じ現場（前編）,原作,5,4,,
862,22,17年前と同じ現場（後編）,原作,5,4,,
863,22,霊魂探偵殺害事件（前編）,原作,5,4,,
864,22,霊魂探偵殺害事件（後編）,原作,5,4,,
865,22,口の悪い九官鳥,アニメオリジナル,0,,,
866,22,裏切りのステージ（前編）,原作,5,4,,
867,22,裏切りのステージ（後編）,原作,5,4,,
868,22,汽笛の聞こえる古書店,アニメオリジナル,0,,,
869,22,断崖に消えたコナン（前編）,アニメオリジナル,0,,,
870,22,断崖に消えたコナン（後編）,アニメオリジナル,0,,,
871,22,ノブナガ四五〇事件,アニメオリジナル,0,,,
872,22,コナンと平次の鵺伝説（鳴声編）,原作,3,4,,
873,22,コナンと平次の鵺伝説（爪跡編）,原作,3,4,,
874,22,コナンと平次の鵺伝説（解決編）,原作,3,4,,
875,22,不思議な予知仏像,アニメオリジナル,0,,,
876,22,機械じかけの目撃者,アニメオリジナル,0,,,
877,22,交差する運命の二人,アニメオリジナル,0,,,
878,22,試着室の死角（前編）,原作,4,3,,
879,22,試着室の死角（後編）,原作,4,3,,
880,22,探偵団と幽霊館,アニメオリジナル,0,,,
881,22,さざ波の魔法使い（前編）,原作,5,5,,
882,22,さざ波の魔法使い（後編）,原作,5,5,,
883,22,絵本から飛び出す爆弾魔（前編）,アニメオリジナル,0,,,
884,22,絵本から飛び出す爆弾魔（後編）,アニメオリジナル,0,,,
885,22,謎解きは喫茶ポアロで（前編）,原作,3,4,,
886,22,謎解きは喫茶ポアロで（後編）,原作,3,4,,
887,23,怪盗キッドの絡繰箱（前編）,原作,3,3,,
888,23,怪盗キッドの絡繰箱（後編）,原作,3,3,,
889,23,新任教師の骸骨事件（前編）,原作,4,4,,
890,23,新任教師の骸骨事件（後編）,原作,4,4,,
891,23,幕末維新ミステリーツアー（山口編）,アニメオリジナル,0,,,
892,23,幕末維新ミステリーツアー（萩編）,アニメオリジナル,0,,,
893,23,星付きレストランの謎,アニメオリジナル,0,,,
894,23,となりの江戸前推理ショー（前編）,原作,4,4,,
895,23,となりの江戸前推理ショー（後編）,原作,4,4,,
896,23,白い手の女（前編）,原作,4,4,,
897,23,白い手の女（後編）,原作,4,4,,
898,23,ケーキが溶けた!,アニメオリジナル,0,,,
899,23,真犯人の叫び声,アニメオリジナル,0,,,
900,23,密室の謎解きショウ,アニメオリジナル,0,,,
901,23,妃弁護士SOS（前編）,原作,3,3,,
902,23,妃弁護士SOS（後編）,原作,3,3,,
903,23,似た者同士が犬猿の仲,アニメオリジナル,0,,,
904,23,相討ちの果て,アニメオリジナル,0,,,
905,23,七年後の目撃証言（前編）,アニメオリジナル,0,,,
906,23,七年後の目撃証言（後編）,アニメオリジナル,0,,,
907,23,Jリーグの用心棒,アニメオリジナル,0,,,
908,23,川床に流れた友情,アニメオリジナル,0,,,
909,23,燃えるテントの怪（前編）,原作,4,3,,
910,23,燃えるテントの怪（後編）,原作,4,3,,
911,23,目暮警部からの依頼,アニメオリジナル,0,,,
912,23,モデルになった探偵団,アニメオリジナル,0,,,
913,23,連れ去られたコナン（前編）,アニメオリジナル,0,,,
914,23,連れ去られたコナン（後編）,アニメオリジナル,0,,,
915,23,JK探偵鈴木園子,アニメオリジナル,0,,,
916,23,恋と推理の剣道大会（前編）,原作,4,4,,
917,23,恋と推理の剣道大会（後編）,原作,4,4,,
918,23,ミニパトポリス大追跡,アニメオリジナル,0,,,
919,23,JKトリオ秘密のカフェ（前編）,原作,4,3,,
920,23,JKトリオ秘密のカフェ（後編）,原作,4,3,,
921,23,殺意のあいのり,アニメオリジナル,0,,,
922,23,消えた少年探偵団,アニメオリジナル,0,,,
923,23,コナンのいない日,アニメオリジナル,0,,,
924,23,みかん畑に陽は沈む,アニメオリジナル,0,,,
925,23,心のこもったストラップ（前編）,原作,4,3,,
926,23,心のこもったストラップ（後編）,原作,4,3,,
927,24,紅の修学旅行（鮮紅編）,原作,5,5,,
928,24,紅の修学旅行（恋紅編）,原作,5,5,,
929,24,窓辺にたたずむ女（前編）,アニメオリジナル,0,,,
930,24,窓辺にたたずむ女（後編）,アニメオリジナル,0,,,
931,24,北九州ミステリーツアー（小倉編）,アニメオリジナル,0,,,
932,24,北九州ミステリーツアー（門司編）,アニメオリジナル,0,,,
933,24,サラブレッド誘拐事件（前編）,アニメオリジナル,0,,,
934,24,サラブレッド誘拐事件（後編）,アニメオリジナル,0,,,
935,24,占い師と三人の客,アニメオリジナル,0,,,
936,24,フードコートの陰謀,アニメオリジナル,0,,,
937,24,巨人タロスの必殺拳（前編）,アニメオリジナル,0,,,
938,24,巨人タロスの必殺拳（後編）,アニメオリジナル,0,,,
939,24,危ない化石採集,アニメオリジナル,0,,,
940,24,姿を消した恋人,アニメオリジナル,0,,,
941,24,マリアちゃんをさがせ!（前編）,原作,5,4,,
942,24,マリアちゃんをさがせ!（後編）,原作,5,4,,
943,24,東京婆ールズコレクション,アニメオリジナル,0,,,
944,24,いいね。の代償（前編）,アニメオリジナル,0,,,
945,24,いいね。の代償（後編）,アニメオリジナル,0,,,
946,24,呪いの宝石ボルジアの涙（前編）,アニメオリジナル,0,,,
947,24,呪いの宝石ボルジアの涙（後編）,アニメオリジナル,0,,,
948,24,恐竜につぶされた男,アニメオリジナル,0,,,
949,24,ラジオお悩み相談（挑戦編）,アニメオリジナル,0,,,
950,24,ラジオお悩み相談（謎解き編）,アニメオリジナル,0,,,
951,24,汽笛の聞こえる古書店2,アニメオリジナル,0,,,
952,24,迷宮カクテル（前編）,原作,5,4,,
953,24,迷宮カクテル（中編）,原作,5,4,,
954,24,迷宮カクテル（後編）,原作,5,4,,
955,24,昆虫人間のヒミツ,アニメオリジナル,0,,,
956,24,謎解き水上バス（前編）,アニメオリジナル,0,,,
957,24,謎解き水上バス（後編）,アニメオリジナル,0,,,
958,24,プードルと散弾銃（前編）,アニメオリジナル,0,,,
959,24,プードルと散弾銃（後編）,アニメオリジナル,0,,,
960,24,未亡人と探偵団,アニメオリジナル,0,,,
961,24,グランピング怪事件,アニメオリジナル,0,,,
962,24,毛利小五郎大講演会（前編）,アニメオリジナル,0,,,
963,24,毛利小五郎大講演会（中編）,アニメオリジナル,0,,,
964,24,毛利小五郎大講演会（後編）,アニメオリジナル,0,,,
965,25,大怪獣ゴメラVS仮面ヤイバー（序）,アニメオリジナル,0,,,
966,25,大怪獣ゴメラVS仮面ヤイバー（破）,アニメオリジナル,0,,,
967,25,大怪獣ゴメラVS仮面ヤイバー（急）,アニメオリジナル,0,,,
968,25,大怪獣ゴメラVS仮面ヤイバー（結）,アニメオリジナル,0,,,
969,25,加賀令嬢ミステリーツアー（前編）,アニメオリジナル,0,,,
970,25,加賀令嬢ミステリーツアー（後編）,アニメオリジナル,0,,,
971,25,標的は警視庁交通部（一）,原作,4,4,,
972,25,標的は警視庁交通部（二）,原作,4,4,,
973,25,標的は警視庁交通部（三）,原作,4,4,,
974,25,標的は警視庁交通部（四）,原作,4,4,,
975,25,妻探しの秘密,アニメオリジナル,0,,,
976,25,追跡! 探偵タクシー,アニメオリジナル,0,,,
977,25,割れた金魚鉢,アニメオリジナル,0,,,
978,25,対岸の事件,アニメオリジナル,0,,,
979,25,探偵を引きずり回す,アニメオリジナル,0,,,
980,25,完全犯罪のススメ,アニメオリジナル,0,,,
981,25,坊っちゃん亭へようこそ（前編）,アニメオリジナル,0,,,
982,25,坊っちゃん亭へようこそ（後編）,アニメオリジナル,0,,,
983,25,キッドVS高明 狙われた唇（前編）,原作,4,3,,
984,25,キッドVS高明 狙われた唇（後編）,原作,4,3,,
985,25,二つの素顔（前編）,アニメオリジナル,0,,,
986,25,二つの素顔（後編）,アニメオリジナル,0,,,
987,25,会社解散パーティー,アニメオリジナル,0,,,
988,25,いがみ合う乙女達,アニメオリジナル,0,,,
989,25,歩美の絵日記事件簿,アニメオリジナル,0,,,
990,25,オートマティック悲劇（前編）,アニメオリジナル,0,,,
991,25,オートマティック悲劇（後編）,アニメオリジナル,0,,,
992,25,町家カフェでの事件,アニメオリジナル,0,,,
993,26,代役・京極真（前編）,原作,4,3,,
994,26,代役・京極真（中編）,原作,4,3,,
995,26,代役・京極真（後編）,原作,4,3,,
996,26,能ある鷹は罪を隠す,アニメオリジナル,0,,,
997,26,スマイルの里の陰謀,アニメオリジナル,0,,,
998,26,憎しみのフライパン,アニメオリジナル,0,,,
999,26,迷惑な親切心,アニメオリジナル,0,,,
1000,26,ピアノソナタ『月光』殺人事件（前編）,原作,5,4,,
1001,26,ピアノソナタ『月光』殺人事件（後編）,原作,5,4,,
1002,26,米花商店街ダストミステリー,アニメオリジナル,0,,,
1003,26,36マスの完全犯罪（前編）,原作,5,5,,
1004,26,36マスの完全犯罪（中編）,原作,5,5,,
1005,26,36マスの完全犯罪（後編）,原作,5,5,,
1006,26,毒を入れたのは誰,アニメオリジナル,0,,,
1007,26,復讐者（前編）,アニメオリジナル,0,,,
1008,26,復讐者（後編）,アニメオリジナル,0,,,
1009,26,落とし物は事件のにおい,アニメオリジナル,0,,,
1010,26,笑顔を消したアイドル,アニメオリジナル,0,,,
1011,26,山菜狩りとクローバー（前編）,原作,4,4,,
1012,26,山菜狩りとクローバー（後編）,原作,4,4,,
1013,26,愛しすぎた男,アニメオリジナル,0,,,
1014,26,魔王と呼ばれた小説家,アニメオリジナル,0,,,
1015,26,張り込み,アニメオリジナル,0,,,
1016,26,モノレール狙撃事件（前編）,アニメオリジナル,0,,,
1017,26,モノレール狙撃事件（後編）,アニメオリジナル,0,,,
1018,26,骨董盆は隠せない（前編）,原作,4,4,,
1019,26,骨董盆は隠せない（中編）,原作,4,4,,
1020,26,骨董盆は隠せない（後編）,原作,4,4,,
1021,26,悪友たちの輪舞,アニメオリジナル,0,,,
1022,26,呪いのミュージアム,アニメオリジナル,0,,,
1023,26,汽笛の聞こえる古書店3,アニメオリジナル,0,,,
1024,26,大岡紅葉の挑戦状（前編）,原作,4,4,,
1025,26,大岡紅葉の挑戦状（後編）,原作,4,4,,
1026,26,言えない目撃者,アニメオリジナル,0,,,
1027,26,カーテンの向こう側,アニメオリジナル,0,,,
1028,26,ケーキを愛する女のバラード,アニメオリジナル,0,,,
1029,26,警察学校編 Wild Police StoryCASE.松田陣平,原作,4,4,,
1030,26,空白の一年（前編）,アニメオリジナル,0,,,
1031,26,空白の一年（後編）,アニメオリジナル,0,,,
1032,26,モデル、毛利蘭,アニメオリジナル,0,,,
1033,27,太閤名人の将棋盤（初手編）,原作,4,4,,
1034,27,太閤名人の将棋盤（妙手編）,原作,4,4,,
1035,27,太閤名人の将棋盤（王手編）,原作,4,4,,
1036,27,ホワイトアウト（前編）,アニメオリジナル,0,,,
1037,27,ホワイトアウト（後編）,アニメオリジナル,0,,,
1038,27,警察学校編 Wild Police StoryCASE.伊達航,原作,4,4,,
1039,27,空飛ぶハロウィンカボチャ,アニメオリジナル,0,,,
1040,27,歩美の絵日記事件簿2,アニメオリジナル,0,,,
1041,27,言えないアリバイ,アニメオリジナル,0,,,
1042,27,警察学校編 Wild Police StoryCASE.萩原研二,原作,4,4,,
1043,27,復讐のフィギュア,アニメオリジナル,0,,,
1044,27,豚汁は命がけの合図,アニメオリジナル,0,,,
1045,27,天罰くだる誕生パーティー（前編）,原作,4,4,,
1046,27,天罰くだる誕生パーティー（後編）,原作,4,4,,
1047,27,赤いヒツジの不気味なゲーム（前編）,アニメオリジナル,0,,,
1048,27,赤いヒツジの不気味なゲーム（後編）,アニメオリジナル,0,,,
1049,27,目暮、刑事人生の危機,アニメオリジナル,0,,,
1050,27,森川御殿の陰謀（前編）,アニメオリジナル,0,,,
1051,27,森川御殿の陰謀（後編）,アニメオリジナル,0,,,
1052,27,少年探偵団の肝試し,アニメオリジナル,0,,,
1053,27,牧場に墜ちた火種（前編）,原作,4,4,,
1054,27,牧場に墜ちた火種（後編）,原作,4,4,,
1055,27,幽霊になって復讐を,アニメオリジナル,0,,,
1056,27,あの人を取り戻したい,アニメオリジナル,0,,,
1057,27,わるいやつら,アニメオリジナル,0,,,
1058,27,警察に居座った男,アニメオリジナル,0,,,
1059,27,沖野ヨーコと屋根裏の密室（前編）,原作,4,4,,
1060,27,沖野ヨーコと屋根裏の密室（後編）,原作,4,4,,
1061,27,警察学校編 Wild Police StoryCASE.諸伏景光,原作,4,4,,
1062,27,雨と悪意のスパイラル,アニメオリジナル,0,,,
1063,27,狙われたひよこ鑑定士,アニメオリジナル,0,,,
1064,27,夢見る貴婦人、最後の恋,アニメオリジナル,0,,,
1065,27,探偵は眠らない,アニメオリジナル,0,,,
1066,27,死が二人を分かつまで,アニメオリジナル,0,,,
1067,27,恋する商店街,アニメオリジナル,0,,,
1068,28,円谷光彦の探偵ノート,アニメオリジナル,0,,,
1069,28,受話器ごしのスウィートボイス,アニメオリジナル,0,,,
1070,28,サプライズは悲劇のはじまり,アニメオリジナル,0,,,
1071,28,工藤優作の推理ショー（前編）,原作,5,5,,
1072,28,工藤優作の推理ショー（後編）,原作,5,5,,
1073,28,探偵団の引ったくり大追跡,アニメオリジナル,0,,,
1074,28,てっちり対決ミステリーツアー（門司港・小倉編）,アニメオリジナル,0,,,
1075,28,てっちり対決ミステリーツアー（下関編）,アニメオリジナル,0,,,
1076,28,カリスマ社長の極秘計画,アニメオリジナル,0,,,
1077,28,黒ずくめの謀略（狩り）,原作,5,5,,
1078,28,黒ずくめの謀略（上陸）,原作,5,5,,
1079,28,黒ずくめの謀略（正体）,原作,5,5,,
1080,28,灰原を狙うカメラ,アニメオリジナル,0,,,
1081,28,愛犬パン君はおりこうさん,アニメオリジナル,0,,,
1082,28,哀しみの裏切り横丁,アニメオリジナル,0,,,
1083,28,Jリーグ決戦の舞台裏,アニメオリジナル,0,,,
1084,28,冷え切った男達,アニメオリジナル,0,,,
1085,28,不吉な縁結び（前編）,原作,4,3,,
1086,28,不吉な縁結び（後編）,原作,4,3,,
1087,28,歩美の絵日記事件簿3,アニメオリジナル,0,,,
1088,28,不運で不審な被害者,アニメオリジナル,0,,,
1089,28,天才レストラン,アニメオリジナル,0,,,
1090,28,眠れる街に消えた犯人,アニメオリジナル,0,,,
1091,28,女子会ミステリー,アニメオリジナル,0,,,
1092,28,張り込み2,アニメオリジナル,0,,,
1093,28,宮野明美のタイムカプセル（前編）,原作,4,3,,
1094,28,宮野明美のタイムカプセル（後編）,原作,4,3,,
1095,28,消えた男の夢,アニメオリジナル,0,,,
1096,28,円谷光彦の探偵ノート2,アニメオリジナル,0,,,
1097,28,私がやりましたか?,アニメオリジナル,0,,,
1098,28,風の女神・萩原千速（前編）,原作,3,3,,
1099,28,風の女神・萩原千速（後編）,原作,3,3,,
1100,28,疑惑の2000万円,アニメオリジナル,0,,,
1101,28,不死身男のプライド,アニメオリジナル,0,,,
1102,28,赤べこと3人の福男,アニメオリジナル,0,,,
1103,28,青春小説に罪の匂い,アニメオリジナル,0,,,
1104,28,真犯人は逃走中,アニメオリジナル,0,,,
1105,28,キッドvs安室 王妃の前髪（前編）,原作,2,3,,
1106,28,キッドvs安室 王妃の前髪（後編）,原作,2,3,,
1107,28,ハメられたのは私,アニメオリジナル,0,,,
1108,28,カードに伏せられた秘密,アニメオリジナル,0,,,
1109,29,高木と伊達と手帳の約束（前編）,原作,4,3,,
1110,29,高木と伊達と手帳の約束（後編）,原作,4,3,,
1111,29,ルーブ・ゴールドバーグマシン（前編）,アニメオリジナル,0,,,
1112,29,ルーブ・ゴールドバーグマシン（後編）,アニメオリジナル,0,,,
1113,29,ラスト・ディナーをあなたに,アニメオリジナル,0,,,
1114,29,お騒がせな籠城,アニメオリジナル,0,,,
1115,29,千速と重悟の婚活パーティー（前編）,原作,2,3,,
1116,29,千速と重悟の婚活パーティー（後編）,原作,2,3,,
1117,29,空手の先生、毛利蘭,アニメオリジナル,0,,,
1118,29,女子会ミステリー2,アニメオリジナル,0,,,
1119,29,4人だけの同窓会,アニメオリジナル,0,,,
1120,29,失われたお宝ミステリー,アニメオリジナル,0,,,
1121,29,あぶなすぎるメロン畑,アニメオリジナル,0,,,
1122,29,張り込み3,アニメオリジナル,0,,,
1123,29,群馬と長野県境の遺体（前編）,原作,4,4,,
1124,29,群馬と長野県境の遺体（後編）,原作,4,4,,
1125,29,歩美の絵日記事件簿4,アニメオリジナル,0,,,
1126,29,逆上せあがった探偵,アニメオリジナル,0,,,
1127,29,ザ・取調室2,アニメオリジナル,0,,,
1128,29,コナンと目暮 2人の人質（前編）,アニメオリジナル,0,,,
1129,29,コナンと目暮 2人の人質（後編）,アニメオリジナル,0,,,
1130,29,トリプルコラボの浮気疑惑（前編）,原作,2,2,,
1131,29,トリプルコラボの浮気疑惑（後編）,原作,2,2,,
1132,29,円谷光彦の探偵ノート3,アニメオリジナル,0,,,
1133,29,ベストハズバンド,アニメオリジナル,0,,,
1134,29,ポジティブ男の災難,アニメオリジナル,0,,,
1135,29,大岡紅葉の甘い罠（前編）,原作,4,3,,
1136,29,大岡紅葉の甘い罠（後編）,原作,4,3,,
1137,29,行列店、味変の秘密,アニメオリジナル,0,,,
1138,29,動く交番,アニメオリジナル,0,,,
1139,29,意地悪な弟に困る姉,アニメオリジナル,0,,,
1140,29,女子会ミステリー3,アニメオリジナル,0,,,
1141,29,お留守番毛利一家,アニメオリジナル,0,,,
1142,29,乱歩邸殺人事件（前編）,アニメオリジナル,0,,,
1143,29,乱歩邸殺人事件（後編）,アニメオリジナル,0,,,
1144,29,ホテル連続爆破事件（前編）,原作,4,3,,
1145,29,ホテル連続爆破事件（後編）,原作,4,3,,
1146,29,汽笛の聞こえる古書店4,アニメオリジナル,0,,,
1147,29,張り込み4,アニメオリジナル,0,,,
1148,30,探偵団と二人の引率者（前編）,原作,4,3,,
1149,30,探偵団と二人の引率者（後編）,原作,4,3,,
1150,30,怪盗キッドと王冠マジック（前編）,原作,3,3,,
1151,30,怪盗キッドと王冠マジック（後編）,原作,3,3,,
1152,30,ラストダンス,アニメオリジナル,0,,,
1153,30,屋久島の山姫（前編）,アニメオリジナル,0,,,
1154,30,屋久島の山姫（後編）,アニメオリジナル,0,,,
1155,30,追跡! 探偵タクシー2,アニメオリジナル,0,,,
1156,30,石川よるまっしミステリー（前編）,アニメオリジナル,0,,,
1157,30,石川よるまっしミステリー（後編）,アニメオリジナル,0,,,
1158,30,探偵団と憧れの古民家,アニメオリジナル,0,,,
1159,30,サヨナラの行方,アニメオリジナル,0,,,
1160,30,鹿威しが響く刻,アニメオリジナル,0,,,
1161,30,秘密の残像,アニメオリジナル,0,,,
1162,30,歩美の絵日記事件簿5,アニメオリジナル,0,,,
1163,30,闇に聞こえる数え歌,アニメオリジナル,0,,,
1164,30,17年前の真相 血染めの騎士,原作,5,5,,
1165,30,17年前の真相 達眼の悪魔,原作,5,5,,
1166,30,17年前の真相 遠見の角行,原作,5,5,,
1167,30,17年前の真相 女王の謀,原作,5,5,,
1168,30,元太のうなぎ捕物帳,アニメオリジナル,0,,,
1169,30,人喰い教室の怪（前編）,原作,4,3,,
1170,30,人喰い教室の怪（後編）,原作,4,3,,
1171,30,執事になった理由（前編）,原作,4,3,,
1172,30,執事になった理由（後編）,原作,4,3,,
1173,30,オバケが出た!,アニメオリジナル,0,,,
1174,30,ガラスの水面（前編）,アニメオリジナル,0,,,
1175,30,ガラスの水面（後編）,アニメオリジナル,0,,,
1176,30,石巻のヒーロー,アニメオリジナル,0,,,
1177,30,幻の大男を探せ,アニメオリジナル,0,,,
1178,30,鷲雄山の紅蓮髑髏（前編）,原作,3,3,,
1179,30,鷲雄山の紅蓮髑髏（後編）,原作,3,3,,
1180,30,招き猫は見ていた,アニメオリジナル,0,,,
1181,30,ブチの恩返し,アニメオリジナル,0,,,
1182,30,その顔を捕まえろ,アニメオリジナル,0,,,
1183,30,ザ・取調室3,アニメオリジナル,0,,,
1184,30,赤レンガ倉庫 消えた誘拐犯（前編）,原作,4,3,,
1185,30,赤レンガ倉庫 消えた誘拐犯（後編）,原作,4,3,,
1186,30,女子会ミステリー4,アニメオリジナル,0,,,
1187,31,エピソード“ZERO” 工藤新一水族館事件,原作,5,4,,
1188,31,追跡! 探偵タクシー3,アニメオリジナル,0,,,
1189,31,W・アリバイ,アニメオリジナル,0,,,
1190,31,恋谷橋に消えた恋人（鳥取周遊編）,アニメオリジナル,0,,,
1191,31,恋谷橋に消えた恋人（三朝編）,アニメオリジナル,0,,,
1192,31,円谷光彦の探偵ノート4,アニメオリジナル,0,,,
1193,31,キッドVS白馬 青の玉座（前編）,原作,3,3,"怪盗キッド,白馬探",
1194,31,キッドVS白馬 青の玉座（後編）,原作,3,3,"怪盗キッド,白馬探",
1195,31,館ミステリー 渦巻館（前編）,アニメオリジナル,0,,,
1196,31,館ミステリー 渦巻館（後編）,アニメオリジナル,0,,,
1197,31,旋風のコスプレライダー,アニメオリジナル,0,,,
1198,31,シンデレラの靴,アニメオリジナル,0,,,